<?xml version="1.0" encoding="UTF-8"?>
<livres>
    <livre id="1">
        <titre>Olivier Twist</titre>
        <auteur>DICKENS Charles</auteur>
        <genre>Roman</genre>
        <editeur>Editions de l'Erable</editeur>
        <disponible>non</disponible>
    </livre>
    <livre id="2">
        <titre>Les Misérables (T1)</titre>
        <auteur>HUGO Victor</auteur>
        <genre>Roman</genre>
        <editeur>Flammarion</editeur>
        <disponible>oui</disponible>
    </livre>
    <livre id="3">
        <titre>Les Misérables (T1)</titre>
        <auteur>HUGO Victor</auteur>
        <genre>Roman</genre>
        <editeur>Flammarion</editeur>
        <disponible>oui</disponible>
    </livre>
    <livre id="4">
        <titre>Les Misérables (T1)</titre>
        <auteur>HUGO Victor</auteur>
        <genre>Roman</genre>
        <editeur>Flammarion</editeur>
        <disponible>oui</disponible>
    </livre>
    <livre id="5">
        <titre>Les Misérables (T1)</titre>
        <auteur>HUGO Victor</auteur>
        <genre>Roman</genre>
        <editeur>Flammarion</editeur>
        <disponible>oui</disponible>
    </livre>
    <livre id="6">
        <titre>Les Misérables (T1)</titre>
        <auteur>HUGO Victor</auteur>
        <genre>Roman</genre>
        <editeur>Flammarion</editeur>
        <disponible>oui</disponible>
    </livre>
    <livre id="7">
        <titre>Les Misérables (T1)</titre>
        <auteur>HUGO Victor</auteur>
        <genre>Roman</genre>
        <editeur>Flammarion</editeur>
        <disponible>oui</disponible>
    </livre>
    <livre id="8">
        <titre>Les Misérables (T1)</titre>
        <auteur>HUGO Victor</auteur>
        <genre>Roman</genre>
        <editeur>Flammarion</editeur>
        <disponible>oui</disponible>
    </livre>
    <livre id="9">
        <titre>Les Misérables (T1)</titre>
        <auteur>HUGO Victor</auteur>
        <genre>Roman</genre>
        <editeur>Flammarion</editeur>
        <disponible>oui</disponible>
    </livre>
    <livre id="10">
        <titre>Les Misérables (T1)</titre>
        <auteur>HUGO Victor</auteur>
        <genre>Roman</genre>
        <editeur>Flammarion</editeur>
        <disponible>oui</disponible>
    </livre>
    <livre id="11">
        <titre>Les Misérables (T1)</titre>
        <auteur>HUGO Victor</auteur>
        <genre>Roman</genre>
        <editeur>Flammarion</editeur>
        <disponible>oui</disponible>
    </livre>
    <livre id="12">
        <titre>Les Misérables (T1)</titre>
        <auteur>HUGO Victor</auteur>
        <genre>Roman</genre>
        <editeur>Flammarion</editeur>
        <disponible>oui</disponible>
    </livre>
    <livre id="13">
        <titre>Les Misérables (T1)</titre>
        <auteur>HUGO Victor</auteur>
        <genre>Roman</genre>
        <editeur>Flammarion</editeur>
        <disponible>oui</disponible>
    </livre>
    <livre id="14">
        <titre>Les Misérables (T1)</titre>
        <auteur>HUGO Victor</auteur>
        <genre>Roman</genre>
        <editeur>Flammarion</editeur>
        <disponible>oui</disponible>
    </livre>
    <livre id="15">
        <titre>Les Misérables (T1)</titre>
        <auteur>HUGO Victor</auteur>
        <genre>Roman</genre>
        <editeur>Flammarion</editeur>
        <disponible>oui</disponible>
    </livre>
    <livre id="16">
        <titre>Les Misérables (T1)</titre>
        <auteur>HUGO Victor</auteur>
        <genre>Roman</genre>
        <editeur>Flammarion</editeur>
        <disponible>oui</disponible>
    </livre>
</livres>